epoch,train_loss,val_loss,F_ext,F_basic,DOA_ext,DOA_basic,rel_dist_ext,onscreen_ext,seconds
1,0.23938244581222534,0.159150168299675,0.0,0.0,,,,,17.539673328399658
2,0.1599118723500547,0.1371593363583088,0.0,0.0,,,,,14.74954605102539
3,0.14239999517905627,0.13738567382097244,0.007827351000782735,0.010461316734379465,29.33937823834197,22.375647668393782,0.17141406819058028,0.8795336787564767,15.115785360336304
4,0.12678825029795118,0.12621565163135529,0.05909093984243752,0.0732774814681884,35.701292418737076,30.637552455641007,0.20711666781003088,0.8274672465385842,17.235053062438965
5,0.11752261907505475,0.13527312129735947,0.06370651204506976,0.0752148181878622,35.232579955424555,31.934463673627594,0.18786442928145258,0.8395350391351696,17.093109130859375
6,0.1116587652576913,0.12929755076766014,0.06923183222409263,0.07604625479733113,36.533276716202614,34.303237177709654,0.21560971660008135,0.8312418226262599,17.4798743724823
7,0.10664047166812334,0.12570713087916374,0.06881796477389011,0.07895728938502028,33.36879691968595,29.782445577458162,0.21758838817994844,0.8533783315725356,17.417535305023193
8,0.10165609998239887,0.11734575778245926,0.06759924018112669,0.07421024144787579,31.826186193228033,29.75346459570772,0.18218195428045275,0.8586807178552315,17.111138820648193
9,0.09767846334323609,0.12822429835796356,0.06619190558149611,0.08809826223285629,34.19164804959912,28.70978388637421,0.1733607885409642,0.8573301951074637,17.453444004058838
10,0.09389008088506383,0.13034308701753616,0.0709666094038389,0.08449447147582731,32.07191045374918,28.31333885960009,0.16934963731176902,0.8739367278195166,17.16881561279297
11,0.09080990125163854,0.12235498800873756,0.078265509191936,0.09330961746753527,33.54940362722239,29.036399738520164,0.17326906261261732,0.8532346385303416,17.24700140953064
12,0.08760048856409333,0.13416976481676102,0.06904643276719788,0.08634968733526963,33.136327588304034,28.443301239104002,0.1708310641853907,0.8481548779579955,17.148320198059082
13,0.08328797866543419,0.12641068547964096,0.07566270020706135,0.09648713609690975,36.82999315430848,30.247208967485726,0.20621041946037613,0.8131738104699702,17.380324363708496
14,0.07637241123605976,0.13182631880044937,0.06884224963229178,0.09511868110269885,35.64185197387644,26.604610504471662,0.2077694733879567,0.8347170127089054,17.25849723815918
15,0.07133702148529265,0.13048067316412926,0.07369185364574272,0.11311898860279648,37.834896233995465,25.055058276075137,0.23256523365709966,0.8107630393907432,17.456068992614746
16,0.06708003663652234,0.1408906690776348,0.07136423586395915,0.11552731344342272,40.407888980963385,24.923319803332227,0.22152958398984032,0.7818245914471093,17.714607000350952
17,0.06377597600757647,0.1442452110350132,0.06378159990331476,0.10887528252499325,42.320230235209834,25.0401400444871,0.2736357653991196,0.7113490631413981,17.475213766098022
18,0.060615755376412714,0.1423024646937847,0.07408452706833822,0.11075174955804525,40.10246618572359,24.140801675910772,0.28950298547353415,0.7779327897763424,17.620783805847168
19,0.056887321870961634,0.1414402686059475,0.06963590949253433,0.12022967553485628,45.21859461557375,24.019387388429298,0.23169511152036307,0.7713750151452672,17.90860366821289
20,0.05379264241607069,0.13931528478860855,0.07335488503601123,0.12015910881278007,44.548274695159165,24.38804600392683,0.2780164258315144,0.7693681737064773,17.80186676979065
21,0.05089080422151861,0.1279272399842739,0.08684700512067332,0.13123226375666774,39.833377262333585,21.86128521331633,0.24324690479801997,0.8068764710477896,17.712977170944214
22,0.04863911631296007,0.14415318146348,0.07311095601344117,0.12302629826990294,44.200177086426315,23.51062665960163,0.26599757958134274,0.7479457105388849,17.79540514945984
23,0.04617177022339629,0.1489037573337555,0.07928452879991664,0.131379871874854,45.97880016123116,23.310344027427092,0.28512081450351945,0.7572478946192227,18.05670189857483
24,0.04430802568471689,0.14389466121792793,0.0808170343939877,0.12878627102552428,44.49372500986338,23.494090154842667,0.31922060165510147,0.7819656056985949,17.677201747894287
25,0.04202985490183178,0.1443297453224659,0.07971929049740971,0.13666673066080604,47.83438199149285,21.907521687718386,0.26152920259782836,0.754231331175756,18.024365663528442
26,0.04003295932206319,0.15236295759677887,0.08380411984696466,0.15135457884518957,47.368466252087224,21.194919978069308,0.2551900699883178,0.7507373951791033,18.046431064605713
27,0.038347708262342343,0.14888623729348183,0.08693664464727821,0.14034917563054028,45.22260994984212,22.991823244111533,0.2813128351341423,0.7749809326626343,18.058859825134277
28,0.036538803226334585,0.1598920077085495,0.08258907189913399,0.15182782462668246,41.375114423891,17.79372650756286,0.31284010225726394,0.7994218677385899,17.954941272735596
29,0.034301431152781996,0.1553916074335575,0.07995335438419408,0.1484490874077584,45.63962928563305,20.123085390470074,0.2743694883507709,0.7841561832103419,17.857327938079834
30,0.033101499938278746,0.15859795734286308,0.0874203605042358,0.15510104081197607,45.14106242759484,19.075803800842614,0.25296813264576257,0.7910600625203918,18.07890510559082
31,0.03140417972861005,0.15128999948501587,0.0958335044368476,0.15057795509895577,40.395299947916364,18.67653570546214,0.2289779614725628,0.8152364244024518,17.912939310073853
32,0.03045333759765402,0.1580665074288845,0.09381748747005948,0.1638240277455032,40.11426665860513,18.778516025336728,0.26133872602760566,0.7638746299703385,18.13046884536743
33,0.029745709151029587,0.1575215943157673,0.08334835834379652,0.13739326854650133,47.30740832273078,23.69982620307441,0.25368662773315726,0.6980234620995965,18.117674827575684
34,0.029119103798548953,0.16805465519428253,0.09092886828898963,0.15904129492810049,48.29549804778884,21.8162926683156,0.2545491081706515,0.7440279684303546,18.11132836341858
35,0.029402194424070043,0.15465186536312103,0.09805161731164751,0.1590760053647277,43.26837329301913,19.23093502518744,0.24286598549070149,0.8149788639910535,17.947353839874268
36,0.028909386852555136,0.15928780287504196,0.09491698238158743,0.16429832550109066,42.17935223668463,17.005143056553035,0.2209635243818767,0.7980374532857387,17.938356161117554
37,0.026672970476768,0.162619698792696,0.0918218340491132,0.16152681601725008,43.436687322978514,18.910843244311636,0.22181749297353517,0.7826028456103434,18.09592580795288
38,0.026317355269901185,0.16077718883752823,0.10584209760532688,0.1751084095478803,42.06834753773992,18.224483837790178,0.25439031681334073,0.7971637077034331,18.251065731048584
39,0.02553587003523926,0.17422659695148468,0.09782373747882243,0.1617687041245984,41.1597089621373,20.363415482582173,0.22637899202192,0.7869115285196407,18.093430280685425
40,0.024521749761464786,0.1680290624499321,0.09065615024074632,0.1516426878023003,43.264782079165656,18.800089819529685,0.267023602213794,0.7872690660004715,18.177939653396606
41,0.023531600404128755,0.17291608452796936,0.09768522247019532,0.16097407138813208,38.298057682636504,19.693415703984126,0.22387194905052543,0.7772636033629117,17.980287075042725
42,0.023517119008109724,0.16139822080731392,0.09894261950110747,0.17241736053831092,42.554720749935846,20.184571494575096,0.25166935641595084,0.814256596991032,18.101003408432007
43,0.02351765953701177,0.1681906133890152,0.09908581053273516,0.1721152298862372,44.201263597496784,18.88969287802328,0.2700592935111055,0.7684403948882922,18.176363468170166
44,0.02347226739733768,0.16438016667962074,0.09805006884709468,0.17409958804949105,59.56050578166833,19.46691271798966,0.25759438139277796,0.6599933570021612,18.32920217514038
45,0.023211032741790195,0.15663572400808334,0.09808516182263932,0.16214592225536514,43.86619930589785,18.923358573536948,0.2583179984061119,0.7888651881966308,18.164307594299316
46,0.022615155741143568,0.17016686499118805,0.09894518057441021,0.17906564184652646,56.41233130159555,14.838457196662933,0.2138722262972728,0.6834838332035285,18.254448413848877
47,0.02147278958837763,0.16559600457549095,0.116056850372747,0.18188101908938578,46.79978926647386,18.16683089548568,0.299470059393008,0.7606059906895631,18.351588487625122
48,0.02158832207000513,0.17164850234985352,0.09955358044460515,0.1769434804060838,60.209125410432364,19.780606202193358,0.2905374709948711,0.6570686893404839,18.052305221557617
49,0.021712690591812134,0.18362215161323547,0.10174821527230042,0.19315096100624185,53.51278647044095,19.25207142018937,0.24344746043098037,0.6911317088086747,18.267221212387085
50,0.020905448659825666,0.17606771737337112,0.11333347746496852,0.1878626239232015,41.8313222277186,17.868250476244633,0.2487660446881225,0.7317227857143419,18.076202392578125
51,0.02038565145390068,0.167167317122221,0.11367187545823204,0.19423394687774376,44.56205890266285,18.571773300015387,0.2580987510614485,0.685534036848422,18.499207735061646
52,0.01940886055876454,0.17483047395944595,0.11106497790805249,0.19517693772103967,47.23239829488349,17.133760995954642,0.25716243958040813,0.7279117921249121,18.33518624305725
53,0.019257248385990265,0.17922255396842957,0.10793893402737754,0.19012777473706788,46.3064107272519,19.232248598656437,0.27491725427408126,0.7600917515513107,18.06186532974243
54,0.019459913256946657,0.17773954570293427,0.11227239519661057,0.18138449159936387,46.26824668238037,22.619386424839796,0.2542910332884886,0.7345348516997253,18.13908576965332
55,0.019630741669709306,0.17796649783849716,0.11522397403348203,0.19911981192153513,48.59020124538953,19.713603235643667,0.26882744499929595,0.7833786177769408,18.359399557113647
56,0.018896833678586876,0.17663661390542984,0.11245203330949308,0.1929154827469902,46.50047128997776,20.331767447188902,0.28926387616538923,0.8006543500617467,18.247832536697388
57,0.01861164960742211,0.18067720532417297,0.11203257795417172,0.1946106750943584,48.572709203251726,20.996375090028838,0.27605048683925043,0.7619615826216055,18.081578016281128
58,0.01930708795946708,0.16863755881786346,0.11416052945717761,0.1842973276717613,49.01256559872139,20.03934642649505,0.28949475026609345,0.8015365014506675,18.24907422065735
59,0.02153491149756977,0.16712329536676407,0.11797687267967256,0.2059863926913964,50.536778645100306,18.9871372304301,0.2871589592886284,0.7793385616058318,18.235930919647217
60,0.02066139153224959,0.17127694934606552,0.11660268536531535,0.192981526835276,48.43157579638173,21.224057512100664,0.2856612176774875,0.7914756308550789,18.153456449508667
61,0.01828919304869801,0.17417877912521362,0.11977903537166772,0.1967272896342031,42.31148430675675,17.32061220285845,0.268135975463273,0.7286821894424761,18.088547229766846
62,0.017915624401552213,0.1798207312822342,0.1099926807112706,0.1967385706032755,47.89971871395876,20.02767474275643,0.2622876371313329,0.7432250167661977,18.3962881565094
63,0.017072725947276293,0.17918743938207626,0.12071246511313052,0.20851626267611573,49.57674982630565,18.372260700244464,0.27637031731515993,0.7659473599528995,18.2951717376709
64,0.016080932966399966,0.18189024180173874,0.12168950720353684,0.2063454225584085,50.031489293166764,20.224422385452637,0.26312280827040185,0.7838088769317443,18.299000024795532
65,0.015674242709609244,0.1819702759385109,0.11405140935417535,0.19881617219866624,48.754501125718264,19.987684512805888,0.26245914576625573,0.7276375601521928,18.40165638923645
66,0.0157924518994183,0.18873100727796555,0.11754224152548005,0.20845003517426497,47.63629363147461,19.195877165011918,0.2766688723402611,0.7692809304400072,18.264275312423706
67,0.01561733473279922,0.17822261154651642,0.13324489360784805,0.20753520533313416,41.824382148105826,18.83448880445422,0.26981601522151066,0.7766404526340903,18.284120798110962
68,0.016055649809753724,0.18489643186330795,0.11758322698485811,0.1982103217289792,47.11784444489284,20.447242799494973,0.27349451462500224,0.7664322213380846,18.304710149765015
69,0.01904328100436883,0.1615852788090706,0.13516354758091467,0.20505984260746926,42.16935577759237,20.210614874715304,0.2672713204921261,0.7807262793671212,18.483684539794922
70,0.023440843340840272,0.17081113159656525,0.10851272406664841,0.17179199705735096,44.13256472791246,23.49932899214482,0.31218058511590296,0.7653811322392995,18.104853630065918
71,0.01841807525551362,0.18239664286375046,0.11958717411308738,0.19712969081819579,44.760871894627954,21.214766972257998,0.28566501032428,0.7346330840180689,18.3050057888031
72,0.015284011328070285,0.18191669881343842,0.1204361419417057,0.2063686095154732,56.119171051803065,24.328545296689107,0.26467656687413915,0.6488551106581136,18.442280530929565
73,0.014549892871446318,0.19350655376911163,0.12150364294991357,0.2057233336331483,54.27594871527624,27.61505994062142,0.2591859068872174,0.6870002545219329,18.48794674873352
74,0.014283679921528418,0.1984189823269844,0.11435206539475268,0.20124046143977,55.59426715780737,27.391581623671552,0.23874100688159702,0.6775609382438841,18.271454095840454
75,0.013717385638746426,0.18939205259084702,0.12280419550768164,0.20930592382529234,50.4968966888633,25.634791424473484,0.2724689654603385,0.7253180545756174,18.4905366897583
76,0.013955801698586923,0.191048264503479,0.11119303180378536,0.197349726871047,52.15619251711682,26.46713435705374,0.27811622675468683,0.7409234036117327,18.512083768844604
77,0.01389781378960009,0.1926409751176834,0.12047757901033047,0.21134879737213533,56.075523096522105,26.28844417361231,0.2592171562211465,0.6822789778084549,18.26518678665161
78,0.01404840722278082,0.19576450437307358,0.11938234793576621,0.21504659460425346,58.190892317826616,25.456221397475808,0.2544508802407639,0.6291172962551994,18.183980703353882
79,0.014730430985365412,0.189329594373703,0.11754641563212807,0.201396457790101,47.5394815605903,24.430558924935987,0.2903730138325776,0.7566927349945054,18.337227821350098
80,0.014202992666325123,0.20379915833473206,0.10506001681218194,0.18890250916544862,48.844969904763595,23.432189094007526,0.31704917248097875,0.7291044759086605,18.64564085006714
81,0.014271167750142033,0.18949411064386368,0.11914249295846092,0.20846336159837175,56.193289895814054,25.750129149917427,0.23994880314438385,0.6523679412115796,18.28204369544983
82,0.014285692208104854,0.1909160390496254,0.1333686472796171,0.22801902488019365,53.02644452829189,24.25691206726369,0.24978880445483748,0.6639915041131915,18.37688374519348
83,0.017184875302499146,0.1806652620434761,0.11201164314605619,0.19358658046031357,55.939721858663916,28.857998705458517,0.2635664182241555,0.682688370077515,18.332995176315308
84,0.020185406038390218,0.1741092950105667,0.12430659464187288,0.21785993644322071,48.11968332578158,18.491764721114805,0.26304328001604077,0.7813712235304912,18.35578989982605
85,0.016073447049146504,0.18649064004421234,0.12271165652403065,0.20945582318848788,52.933950475458644,25.493655877028896,0.2371748313540689,0.6894423788959549,18.246598958969116
86,0.014397119774932056,0.19496562331914902,0.13012723661059164,0.2129694555887264,47.556769213114826,24.684498780179695,0.31567168409253393,0.7401820071633756,18.584291458129883
87,0.012811160009863565,0.1916065290570259,0.1303621944159307,0.2157611672098663,47.89265195922398,24.60387685527258,0.2735676583567489,0.7472618298932139,18.3340322971344
88,0.012419653178708587,0.2007940486073494,0.11997846056751368,0.2088149443404813,49.46777794396406,24.168303661263057,0.2806612602490942,0.7778961854202651,18.279614448547363
89,0.01223598352278308,0.19589664787054062,0.13335735436746352,0.22290756254750563,48.48631970358088,24.28789983910107,0.31527156151706515,0.755445966352603,18.31798529624939
90,0.012265753335982775,0.20403656363487244,0.12599852468411973,0.22089582424447088,47.079385684206805,18.822538463319706,0.289045409457282,0.7494917198944927,18.48887872695923
91,0.012143083499650733,0.19459083676338196,0.13083010950030063,0.21388750102121232,51.801200854403234,27.49431551367174,0.28616350441336014,0.6559272919743679,18.2791850566864
92,0.012248015017818204,0.19596412032842636,0.12457063014296352,0.21697195222933743,56.538797293262036,25.542700845669188,0.26292850821103025,0.6618563219835268,18.228709936141968
93,0.013276980412628153,0.2012781947851181,0.12329319237842866,0.2107145605306983,48.61235877381875,23.419111578459265,0.2969202914881097,0.66439548404264,18.28414273262024
94,0.012700248295240265,0.20562031120061874,0.12141887861591562,0.23125392482839804,51.34497262742656,19.046029650238296,0.29602833281360086,0.7433801117120759,18.54251480102539
95,0.012543877251714254,0.19534725695848465,0.13103079927802763,0.21648281665280897,45.08223559933611,18.33402351587019,0.28797423085113044,0.7488925943335606,18.503642320632935
96,0.012447668648184203,0.19282744079828262,0.1294085082503656,0.21380346282361595,51.54193745420069,22.758121008799392,0.2544410327851761,0.7044355640577027,18.481974601745605
97,0.014015827488770588,0.1984720453619957,0.12652696610193787,0.2051396725517044,54.272250798833035,22.80728071660986,0.277784608035168,0.6722392921410858,18.36763286590576
98,0.015165533548850807,0.18103397637605667,0.13729751115409447,0.20898917101563078,58.89172947401089,22.323325319333833,0.23691442874275476,0.6536381403836081,18.489238262176514
99,0.01418872690833301,0.19021975994110107,0.13739829020061364,0.20578520415761847,42.45490421823844,20.432654723604802,0.26852862364507585,0.7883736680177299,18.278271675109863
100,0.012656377688747087,0.18727457523345947,0.12386823149614945,0.2092965089616313,47.02478958601584,22.54203326575101,0.31171461501834213,0.7478596487432934,18.316489458084106
101,0.012471557152625039,0.19180770218372345,0.13301680200762134,0.22695316743673571,47.64137809198544,17.814640078242796,0.28692019503467,0.7223591376111157,18.452127695083618
102,0.012912348623005606,0.1826903522014618,0.14130118613208184,0.2174573065611095,42.183942253563295,18.051830943609513,0.31218611535059215,0.7684741588380863,18.398757457733154
103,0.015370983744321538,0.15959684550762177,0.15388462418731894,0.20944591690284725,39.996869868550895,20.32233154837431,0.24490835909310035,0.8040385995898384,18.348806142807007
104,0.019412367926280705,0.17623455077409744,0.1530721540549611,0.21901878388459262,40.02812446030584,18.618309135747875,0.2835736709821884,0.7637036243459755,18.234036207199097
105,0.014459119727768057,0.18342740088701248,0.13729422077338405,0.19715596210506134,53.09588010329916,21.90007768243625,0.289499157583494,0.6851353729712852,18.507180213928223
106,0.012163488234547402,0.18962501734495163,0.1300531394750828,0.20578171000273626,57.11948646936279,19.300486359649987,0.31099359022305123,0.6770602651278494,18.2432861328125
107,0.011188924004384083,0.1952900066971779,0.1357540026958625,0.22138626369702094,46.03249988761337,19.479663023829747,0.3114682608610412,0.7675615343807787,18.361899375915527
108,0.010773134444632548,0.1960141584277153,0.12831240043972572,0.21453314458415482,58.05875813160817,23.638214149141934,0.2700759685305611,0.6466281431161758,18.510667324066162
109,0.010586500543055774,0.20277684181928635,0.12792804323872858,0.20790432868871037,45.69576149516821,20.164827281994157,0.2761513792759442,0.7693174866953847,18.489836931228638
110,0.010530600451576196,0.19120974838733673,0.12904464711665017,0.20814009990084612,55.79419412540453,26.40970617033629,0.2630598819804692,0.6593261179455387,18.568376064300537
111,0.010662654448273799,0.19949612021446228,0.1321747178458334,0.2234215477204332,55.72203677460873,24.911414883906193,0.26787183082888416,0.6797794314197747,18.42354464530945
112,0.010606463790851102,0.2003546878695488,0.12765248461232181,0.2080923844324735,44.84114234187792,20.051422170313526,0.3128838156674316,0.7628441439819207,18.499133586883545
113,0.010676806296804826,0.18999703973531723,0.13289233039437737,0.21094415922104123,52.46387489680228,25.632132664691593,0.2609903515924089,0.7414086393054582,18.337597608566284
114,0.010822960182273989,0.1913202404975891,0.14550107911658255,0.21783935404929708,39.869237918933244,18.613607307524756,0.27565162941435867,0.7458670281356283,18.266505002975464
115,0.011440933373817009,0.2000953108072281,0.12793059760802536,0.21413046446423803,45.68599242948169,18.69858666083356,0.2864520720372391,0.7540398295520003,18.596508979797363
116,0.011275487060812737,0.18842100352048874,0.13993019866764372,0.2040147643752226,37.94782019319562,20.694031659873644,0.28621507144701724,0.8079220432422733,18.303358793258667
117,0.011292895831489305,0.19270166009664536,0.1360058920506637,0.2187777694036896,56.5059853580495,22.840008544882394,0.23681977736408605,0.6758222367497817,18.287898302078247
118,0.012232993334102974,0.18062955141067505,0.13105107585798625,0.20856948547157417,44.99776703442499,18.48579280531831,0.26139736634570265,0.7760221526367329,18.36018657684326
119,0.012524985802098572,0.18792659044265747,0.14167744012381378,0.21500674935329336,43.54935037795398,19.420593731350834,0.2721847188592725,0.785226477948129,18.49090027809143
120,0.011217910220189918,0.2052999511361122,0.1115617670603966,0.19868042734361058,50.32781588388529,20.61385850201682,0.27891673403081746,0.7508434984064625,18.264180898666382
121,0.016886937197485415,0.1569453664124012,0.14296180974771358,0.2071924983154008,41.54455095633426,20.244051673978674,0.24096929270114567,0.8524099046158877,18.267956972122192
122,0.017562780462259012,0.18349874019622803,0.12314700623029463,0.20701926222100137,50.294650075598376,25.67960184031483,0.2965362620943996,0.7618116165714182,18.49009132385254
123,0.013436051641704796,0.1809457316994667,0.1397438330498977,0.21633666452038308,44.020638316283076,19.222866446547773,0.2836689918501986,0.7906488008981718,18.51499605178833
124,0.011058047407125826,0.18759958446025848,0.13700743862341128,0.21411817995154178,42.36173460961011,20.485817936207248,0.28006324620666356,0.7846191684191339,18.402527332305908
125,0.010132703434327523,0.19653749465942383,0.13553364230422285,0.21329973075409428,44.3162023758829,20.058513807580706,0.2754780996708999,0.7814490166451279,18.345054388046265
126,0.010047251037020477,0.20140022784471512,0.12730281426472292,0.208152535564986,47.35885209839835,20.922434738086878,0.2596754125808808,0.7674589027389432,18.462406873703003
127,0.01024692507608117,0.19219736009836197,0.13082698329388423,0.20739504121176963,43.27828111035991,20.379684740940768,0.2813466112297042,0.7959340665179069,18.2621328830719
128,0.009840841693200653,0.19378084689378738,0.14255827459084622,0.21898347772971827,41.105000924412764,19.31056219869774,0.2787800196323694,0.8029301646406675,18.44514560699463
129,0.009715196147239466,0.1986667811870575,0.13059064935207673,0.22177638389372667,44.65972866935211,19.49102145527584,0.2904854571538462,0.7978908423940217,18.63048267364502
130,0.009669300245804539,0.20473244786262512,0.11930023714780945,0.20726944993808646,46.80451322324274,20.88440409799904,0.26613884730755555,0.7513523100600832,18.474763870239258
131,0.00969496740885883,0.19492818415164948,0.13649053631360755,0.20765621414523025,43.65071796474766,20.70681468876662,0.29072350524235413,0.7656868923426047,18.401288986206055
132,0.009661480606861894,0.1920378878712654,0.13078806015632205,0.21976647970988805,47.07635697507904,19.337115822672185,0.26140316278213965,0.7244085715912844,18.375459671020508
133,0.009759719312700222,0.1973724365234375,0.12213506179349035,0.20540358987796034,47.5666386541061,21.13959667589572,0.28383154659545085,0.730602450906364,18.61808967590332
134,0.009814787173657108,0.19828028976917267,0.12966486101525088,0.22117463242374272,46.75206914896416,19.014354501870347,0.27054798936177477,0.7516028646537922,18.308921337127686
135,0.009896932618705917,0.20169933885335922,0.1265406786924074,0.23304777521726222,47.31282398189406,17.93216860608229,0.29373562502773476,0.7660552748573582,18.439616441726685
136,0.009896815801374347,0.1925990805029869,0.13547014467983978,0.21535227560634757,57.460307993196565,23.558103935143475,0.2709759905259972,0.6800919458034568,18.40326189994812
137,0.01997653321905745,0.16517724469304085,0.12155543103921299,0.19968950774960376,46.28547171566782,21.750470930151586,0.2635904775531311,0.8292011700570256,18.640753030776978
138,0.018432312269809004,0.17952481657266617,0.13354564581913067,0.20326922565570643,43.35387872076035,22.53882935126736,0.35103269880513793,0.8428502425763202,18.41969871520996
139,0.012194448847511261,0.18488337099552155,0.14017292695575873,0.21327863515849665,52.654978250536615,22.973224110344145,0.25508419062477417,0.6942541574094623,18.42133402824402
140,0.010225917125562969,0.18749263882637024,0.13803054823314456,0.21181724234499233,42.42965672104176,21.77040733695194,0.27498046933027226,0.8203931349043975,18.5396146774292
141,0.00958135879511456,0.19828982651233673,0.13165196327911233,0.21163844818292918,55.29527441828647,21.635723385494693,0.26091244444020406,0.6987219768066856,18.430023908615112
142,0.00934964064977688,0.1973123401403427,0.1375723669821098,0.21695917383503935,42.73192474436902,20.31986705772028,0.2730530029596617,0.8125801632549464,18.34962797164917
143,0.0091779320333287,0.20132876187562943,0.13235257905723513,0.21928943855680894,43.40227932604178,19.683188275005982,0.27382496225722414,0.8123470053690001,18.434160232543945
144,0.00912078693107092,0.1976613849401474,0.13364417190089994,0.21353964134750347,52.195315361275796,27.017871157905233,0.2565016940634381,0.7014407623868357,18.702648639678955
145,0.00910090024268134,0.19747763127088547,0.12251251031855498,0.19703711164763235,42.53902114257329,21.09737010789048,0.3040632355217451,0.7965197072864773,18.332228899002075
146,0.009354681342759793,0.1946246549487114,0.13472290391819133,0.21316364418313816,56.575291011395265,21.7736687615368,0.26055914526628476,0.6757936519105874,18.40374445915222
147,0.009121702123004541,0.19396625459194183,0.12947024613321031,0.2099192587571724,45.7472754220093,21.264146652207817,0.26639136225080834,0.7886171782842383,18.588917016983032
148,0.00911428085561815,0.1940155103802681,0.13524853156166133,0.21234570154482443,44.46274576610166,21.09979272971909,0.2806767566949814,0.7564768331918744,18.48944926261902
149,0.00907676779872758,0.2021980583667755,0.14270092928548994,0.21845354815736331,43.50659808565168,19.403010819571797,0.2940462586662305,0.784000042903153,18.426515102386475
150,0.00910769368474968,0.20273834466934204,0.142144251976085,0.22032676128508788,42.32063338917421,20.276646366798634,0.26552780906946466,0.7810177107293017,18.51317858695984
151,0.009272824024794984,0.2016114592552185,0.13678312381624746,0.22242173439858634,44.55795132175107,18.746113403521218,0.25750176516629536,0.7832794598671988,18.64771294593811
152,0.009161865687091573,0.20161709189414978,0.12634783034365765,0.20406297195154507,55.451131785433844,25.04995184110426,0.2596162613844316,0.6866117344165998,18.43298578262329
153,0.009561350448526067,0.20142991095781326,0.13204224127424083,0.21666992209170183,55.270269669900166,23.25651182226844,0.25292052122187725,0.7141471021940938,18.6409854888916
154,0.01171468930627159,0.19344277679920197,0.1290262607094535,0.214061728095328,43.25750077030707,20.007675728479846,0.277851909845324,0.7421491030363655,18.34438157081604
155,0.01141247847418991,0.1884688213467598,0.13533557850848563,0.22430576126874488,46.038452272300056,18.918314566989505,0.2897314629161933,0.7398794118639931,18.672722339630127
156,0.013270369891693695,0.1913076937198639,0.10788274577051592,0.19688809163897042,47.77580358079528,21.774697140931966,0.25039804472789207,0.8109435581083455,18.402015924453735
157,0.01859558354929197,0.1707443818449974,0.13606153707147622,0.2208256067190636,44.90037066514365,19.7211453564351,0.27710604915884085,0.8163097485708724,18.614749670028687
158,0.012722092419326734,0.1760597601532936,0.14430298824321944,0.21217959323469843,39.27308171748882,19.787657884808787,0.28456811254007,0.8487480871282592,18.576842069625854
159,0.01051093774626581,0.1857333779335022,0.1441291021123115,0.2212699697380758,40.124504223342726,18.721683682896536,0.2775930800227749,0.8191569572873555,18.515990018844604
160,0.009520563374025574,0.1909211352467537,0.14717402657571788,0.22445019118571147,42.41765548552239,19.36489711042125,0.2772465149850242,0.8143934378228523,18.370903968811035
161,0.008726431676622131,0.19685229659080505,0.14008560221232239,0.21550566945745733,40.645238269564054,20.183702921923036,0.2694979829117368,0.8269913333721123,18.44334125518799
162,0.008572410215898383,0.19502310454845428,0.14023654581271722,0.2151786881379615,41.347717680762,19.89151251711736,0.2655987390819331,0.8135797407120818,18.688207626342773
163,0.008415760609770208,0.20190834999084473,0.1458991092808909,0.21937499651695672,52.706741493865415,22.19491386282368,0.2684597975132034,0.6933484214991316,18.59630537033081
164,0.00840391408276858,0.20482521504163742,0.143091079219095,0.21821485500107174,41.28062710631998,19.636701677375065,0.2717682394413216,0.786463353655735,18.609490394592285
165,0.008449317559117465,0.1975284293293953,0.1465793813653294,0.21931195429376701,40.01146360940642,19.831890793768828,0.2688306962675851,0.805844842621947,18.76051688194275
166,0.008455620807253842,0.20176497101783752,0.13687034355321134,0.2161570391865564,46.051125400234035,25.358136218990737,0.280105473558777,0.7122554373470745,18.368893146514893
167,0.008499371598092772,0.20953691750764847,0.137589632968202,0.21961332756099347,50.649771536125115,25.873213206901088,0.2759625120865111,0.702915240594708,18.48488163948059
168,0.008513565372890063,0.20417042076587677,0.13189574202071655,0.21711821866187606,44.75309285510196,19.97467598262258,0.26811626826662077,0.8028292027054306,18.4152250289917
169,0.00881459558945444,0.2145199552178383,0.13266986820840937,0.21717712023647984,45.74842244464513,19.69570857779654,0.27518619932786237,0.7932267889300466,18.63221049308777
170,0.012236237539340266,0.18708966672420502,0.14394089957269118,0.22567228896188968,46.82316141773366,18.9648260060574,0.28232080499877593,0.7834509062518161,18.81246256828308
171,0.01291512652374,0.18635011464357376,0.14504598000617186,0.21655059177167446,41.84899395631213,19.663519262347474,0.25891262207891913,0.793233909675103,18.467467308044434
172,0.010007164424298692,0.1874488741159439,0.14815466959229287,0.2200758585559024,43.73593047105071,20.24028504893227,0.2824476898677465,0.8031843300515898,18.656475067138672
173,0.008899195635651084,0.1923343986272812,0.14014174393914847,0.2164555909881506,45.083792226150315,19.668521803516853,0.2769308897994208,0.8037018742204907,18.241090774536133
174,0.008519697358175147,0.19854044169187546,0.13907709141864374,0.21912761353995308,44.70097018408963,18.624228829249745,0.27315388568758975,0.782874341492323,18.302730083465576
175,0.008341410431823284,0.2019900679588318,0.13304945053800366,0.2161081539124052,45.05655729057894,19.54357018153721,0.28826587758112143,0.7744258802536532,18.31868624687195
176,0.008207279130173243,0.2065567597746849,0.13068590498879787,0.21114803053521888,43.78427573046595,19.84083860423845,0.28501125184535603,0.7881031588965104,18.698204040527344
177,0.008349901792197991,0.20207415521144867,0.13954958026168146,0.21538656414157067,44.51390064412456,21.954218848557502,0.3265361570254261,0.8056661745473779,18.546347618103027
178,0.010160118073439427,0.19985273480415344,0.13690775876931308,0.22408437548017776,43.215323381693864,19.293359152191776,0.2841407203740848,0.8153993832218728,18.47470450401306
179,0.011997984534652112,0.18887311965227127,0.13312656916942092,0.22359487669316322,48.87487788968576,21.22040843170823,0.2743023209664595,0.8278469662424549,18.616688013076782
180,0.014882898259666755,0.17667489498853683,0.13468910599450085,0.21447785368895458,46.798578076573335,20.78740445013398,0.2726405907388329,0.8018648595146731,18.8463032245636
181,0.010599709846240153,0.18763727694749832,0.14683511847329098,0.22073964206362423,44.08746113187433,20.489404943639183,0.28490400912426045,0.806747588706944,18.428918838500977
182,0.00879845330692667,0.19116399437189102,0.13764354081242353,0.21537195175352986,59.61764692738507,19.468600321794202,0.2805335658896548,0.7140101428608332,18.677161931991577
183,0.008274002640555016,0.19866083562374115,0.13858347621443284,0.2242797079710864,45.59715262428715,19.06322166742162,0.2851120645537816,0.796523859564619,18.581120252609253
184,0.007990750973280385,0.18874197453260422,0.13692666335273532,0.21221854058635958,42.72973651693259,21.126859232556175,0.2835078462928139,0.8097431000496428,18.45978307723999
185,0.008107648820703407,0.2028733342885971,0.13722247579656902,0.2206785757847938,45.28633154767112,20.60155281313788,0.2841400166094238,0.8009334101498601,18.35488796234131
186,0.008030434155823302,0.20067055523395538,0.13088518615130698,0.22041057450462762,46.663457653505745,19.415893522130517,0.2882557098754403,0.786029378423138,18.520619869232178
187,0.007949406116959646,0.19890344887971878,0.13883338746075938,0.21722321716993,54.43653082156258,23.7336422528194,0.25968414812642354,0.7080400593116616,18.729578733444214
188,0.007992174992297622,0.20289738476276398,0.14712639621562584,0.2305160562518562,56.345329733213745,21.252384788144475,0.2656318258546622,0.6780003443770486,18.34859800338745
189,0.00831287975335936,0.19412687420845032,0.15828905939382149,0.24206732197205796,54.4716605230437,17.07125973867109,0.34657002639462076,0.7366231742723489,18.3916757106781
190,0.008180754550685771,0.20140435546636581,0.14096758757955813,0.22028865872079148,42.0853985391768,19.8159504811707,0.353519543632308,0.80279068392685,18.557546377182007
191,0.00858599655732191,0.20159919559955597,0.1272666981791861,0.2307780660941083,51.186436751605335,18.766418619915907,0.28147863390227273,0.7688438191745404,18.475902557373047
192,0.010162889702821807,0.18649201095104218,0.13726828799609606,0.2271551590248305,56.756388842505935,21.46632987603311,0.2982792383403868,0.7350980078340122,18.39554238319397
193,0.01271501507127671,0.19327273964881897,0.1359674361706746,0.22361471752683879,46.67299428414308,18.543634428447547,0.3019102773884587,0.8144631589884422,18.543323278427124
194,0.01002816624416829,0.20517387241125107,0.13046602411701583,0.22266795358234728,60.021056711336385,23.196223528554828,0.26949431837850535,0.677925789291358,18.697736501693726
195,0.009097866164587385,0.2041868418455124,0.13169825903650373,0.22467194607258084,49.85912918819939,19.20061112407472,0.28856014467493246,0.7734585656964086,18.45921039581299
196,0.008095339211977,0.20529837161302567,0.1343319724551503,0.21921151033692013,43.683996993182035,20.300295100669224,0.3331371647600123,0.8245760140450793,18.301397562026978
197,0.007809897238160852,0.20166932046413422,0.14186467330026786,0.224380312370086,46.67530196792807,19.71300402949688,0.2819563005578858,0.8087337717364311,18.7603862285614
198,0.007946894045168762,0.20255146920681,0.14109741690328173,0.22956094067124155,45.549907488661304,19.15563045804521,0.25676339573934254,0.8114083411136065,18.629010915756226
199,0.008778520819576953,0.20718806236982346,0.13625755347231572,0.21343487085872306,50.67005389082107,26.951451126335655,0.26585883874831934,0.7262314654890349,18.40176796913147
200,0.007984537112010684,0.20678119361400604,0.13689115968891913,0.2212796324765158,44.7055375930101,19.604506702434524,0.2677533027422385,0.7898255628981846,18.381891012191772
