dataset,data_tag,seed,exclude_list,gap,F_ext_gap,F_basic_gap,F_ext_gap_mean,F_ext_gap_std,F_basic_gap_mean,F_basic_gap_std
ctrl5,,1,,B2-B1,0.04396335483676203,0.06424654993122719,,,,
ctrl5,,1,,B2-(B2-0),0.00029576182470580914,0.024938328443394636,,,,
ctrl5,,1,,B3-B1,0.04239240403741029,0.04754636387321601,,,,
main20,,1,,B2-B1,0.06266688841203645,0.0688759104173676,,,,
main20,,1,,B2-(B2-0),0.022737023138656165,0.014874358636291163,,,,
main20,,1,,B3-B1,0.06932958678529648,0.07061943483674799,,,,
ctrl5,,mean/std,,B2-(B2-0),,,0.00029576182470580914,,0.024938328443394636,
ctrl5,,mean/std,,B2-B1,,,0.04396335483676203,,0.06424654993122719,
ctrl5,,mean/std,,B3-B1,,,0.04239240403741029,,0.04754636387321601,
main20,,mean/std,,B2-(B2-0),,,0.022737023138656165,,0.014874358636291163,
main20,,mean/std,,B2-B1,,,0.06266688841203645,,0.0688759104173676,
main20,,mean/std,,B3-B1,,,0.06932958678529648,,0.07061943483674799,
main20-ctrl5,,1,,B2-(B2-0),0.022441261313950356,-0.010063969807103473,,,,
main20-ctrl5,,1,,B2-B1,0.01870353357527442,0.004629360486140405,,,,
main20-ctrl5,,1,,B3-B1,0.026937182747886187,0.023073070963531978,,,,
main20-ctrl5,,mean/std,,B2-(B2-0),,,0.022441261313950356,,-0.010063969807103473,
main20-ctrl5,,mean/std,,B2-B1,,,0.01870353357527442,,0.004629360486140405,
main20-ctrl5,,mean/std,,B3-B1,,,0.026937182747886187,,0.023073070963531978,
