dataset,preset,condition,updates,batch,run,val_F_ext,val_F_basic,val_DOA_ext,val_onscreen,val_F_ext_shuffle,val_F_ext_zeros,test_F_ext,test_F_basic,test_DOA_ext,test_onscreen
main20,B1,S0,9200,64,main20_B1_s1,10.92,15.28,39.5,,,,7.08,12.1,46.0,
main20,B1,S0+S1,27800,64,main20_B1_s1_S01,13.33,18.59,38.9,,,,7.99,13.15,43.3,
main20,B1,S0+S1_9200,9246,128,main20_B1_s1_S01-up9200_bs128,10.06,14.33,37.8,,,,6.88,11.49,39.7,
main20,B2,S0,9200,64,main20_B2_s1,17.19,22.17,33.5,83.39,15.76,11.42,10.44,17.07,44.9,77.53
main20,B2,S0+S1,27800,64,main20_B2_s1_S01,15.83,24.21,54.5,73.66,12.51,8.97,11.49,18.25,47.6,72.01
main20,B2,S0+S1_9200,9246,128,main20_B2_s1_S01-up9200_bs128,14.69,21.24,40.7,75.86,11.69,7.45,10.99,17.12,43.5,78.22
main20,B2-0,S0,9200,64,main20_B2-0_s1,14.91,20.68,41.6,77.94,14.91,14.91,10.22,17.34,58.0,70.61
main20,B2-0,S0+S1,27800,64,main20_B2-0_s1_S01,15.72,22.64,39.9,78.0,15.72,15.72,9.9,17.84,56.4,70.4
main20,B2-0,S0+S1_9200,9246,128,main20_B2-0_s1_S01-up9200_bs128,12.62,20.95,56.2,72.97,12.62,12.62,10.5,17.29,47.4,73.95
main20,B3,S0,9200,64,main20_B3_s1,17.85,22.34,30.3,88.12,14.84,8.24,10.4,15.88,48.3,76.34
main20,B3,S0+S1,27800,64,main20_B3_s1_S01,17.84,21.72,28.0,84.62,11.91,4.38,11.86,17.07,42.3,76.03
main20,B3,S0+S1_9200,9246,128,main20_B3_s1_S01-up9200_bs128,19.49,24.13,30.3,78.92,12.88,4.31,12.85,17.3,39.2,80.05
ctrl5,B3,S0,9200,64,ctrl5_B3_s1,14.38,20.04,45.4,76.56,12.61,5.49,8.07,13.7,49.6,74.93
ctrl5,B3,S0+S1,27800,64,ctrl5_B3_s1_S01,16.61,23.01,30.6,83.5,14.94,6.22,10.86,16.82,45.6,74.17
