run,dataset,eval_dataset,split,eval_video,preset,seed,modality,video_input,video_crop,av_time_window,best_epoch,exclude_list,excluded_clips,train_family,train_mirror,train_fraction,updates,train_clips,total_updates,epochs_done,data_tag,train_stages,std_name,F_ext,DOA_ext,relDist_ext,dist_ext,onscreen_ext,F_basic,DOA_basic,relDist_basic,dist_basic,onscreen_basic,n_clips
ctrl5_B1_s1,ctrl5,ctrl5,val,real,B1,1,audio,real,center,,145,,0,,,,,,,,,0,ctrl5_B1_s1,0.10140852566670153,46.7296348687723,0.19280463919786764,35.31811767562541,,0.15281757407271038,21.084771110466612,0.1927494287183393,35.2794985097411,,492
ctrl5_B2-0_s1,ctrl5,ctrl5,val,real,B2-0,1,audio_visual,zeros,center,,188,,0,,,,,,,,,0,ctrl5_B2-0_s1,0.14507611867875775,42.963423376737644,0.24826083471833713,49.9802899591078,0.8343112202310345,0.19212579556054293,28.344733939039873,0.24822748184564003,49.935696376064776,0.8340135367497615,492
ctrl5_B2-0_s1,ctrl5,ctrl5,val,shuffle,B2-0,1,audio_visual,zeros,center,,188,,0,,,,,,,,,0,ctrl5_B2-0_s1,0.14507611867875775,42.963423376737644,0.24826083471833713,49.9802899591078,0.8343112202310345,0.19212579556054293,28.344733939039873,0.24822748184564003,49.935696376064776,0.8340135367497615,492
ctrl5_B2-0_s1,ctrl5,ctrl5,val,zeros,B2-0,1,audio_visual,zeros,center,,188,,0,,,,,,,,,0,ctrl5_B2-0_s1,0.14507611867875775,42.963423376737644,0.24826083471833713,49.9802899591078,0.8343112202310345,0.19212579556054293,28.344733939039873,0.24822748184564003,49.935696376064776,0.8340135367497615,492
ctrl5_B2_s1,ctrl5,ctrl5,val,real,B2,1,audio_visual,real,center,,194,,0,,,,,,,,,0,ctrl5_B2_s1,0.14537188050346356,35.58456378319158,0.24040903647555195,42.31701528669326,0.8737065869764798,0.21706412400393757,19.450077398640268,0.24021564574199933,42.275162543634714,0.8724215466802491,492
ctrl5_B2_s1,ctrl5,ctrl5,val,shuffle,B2,1,audio_visual,real,center,,194,,0,,,,,,,,,0,ctrl5_B2_s1,0.1397504609749775,39.447178916071614,0.2473237083393533,42.88979225106545,0.834422237989559,0.208027188242263,19.609258973278124,0.24822586677932565,43.09602317610889,0.8333704587158481,492
ctrl5_B2_s1,ctrl5,ctrl5,val,zeros,B2,1,audio_visual,real,center,,194,,0,,,,,,,,,0,ctrl5_B2_s1,0.07320420579926472,38.834177955672054,0.33597677291424943,62.161313338217205,0.8562236820683665,0.12317617741025325,21.831470710849874,0.33598154502079286,62.18018528806859,0.8565856530483066,492
ctrl5_B3_s1,ctrl5,ctrl5,val,real,B3,1,audio_visual,real,full,2.0,173,,0,,,,,,,,,0,ctrl5_B3_s1,0.14380092970411182,45.42472953845473,0.2791232501733051,55.343255693800444,0.7655673513622119,0.20036393794592638,19.72259705733058,0.2792002948462494,55.4206801473204,0.7651068675618173,492
ctrl5_B3_s1,ctrl5,ctrl5,val,shuffle,B3,1,audio_visual,real,full,2.0,173,,0,,,,,,,,,0,ctrl5_B3_s1,0.12605154098007695,44.202150753855,0.2876874540096039,50.338746184201035,0.8097157182270198,0.19961613729831368,19.938137257290403,0.28658000581122284,50.613959626170626,0.8093669325405288,492
ctrl5_B3_s1,ctrl5,ctrl5,val,zeros,B3,1,audio_visual,real,full,2.0,173,,0,,,,,,,,,0,ctrl5_B3_s1,0.054883664060668316,47.97023938876566,0.3281465901962897,61.72452637924005,0.851555817739394,0.09284736473409722,29.307753723785634,0.32814199370848335,61.79375488111758,0.8524044740335949,492
main20_B1_s1,main20,main20,val,real,B1,1,audio,real,center,,174,,0,,,,,,,,,0,main20_B1_s1,0.10918953766177526,39.548695665008545,0.20794983944524295,38.482857914951225,,0.15282127709158333,22.802517838052893,0.20812929467101232,38.53702641891844,,123
main20_B2-0_s1,main20,main20,val,real,B2-0,1,audio_visual,zeros,center,,172,,0,,,,,,,,,0,main20_B2-0_s1,0.14911940293515555,41.613301517343636,0.31804764970647387,54.71648016022908,0.7793926985437348,0.20682282887265976,19.922011352434716,0.3210321230193362,55.44724213446601,0.777920804693191,123
main20_B2-0_s1,main20,main20,val,shuffle,B2-0,1,audio_visual,zeros,center,,172,,0,,,,,,,,,0,main20_B2-0_s1,0.14911940293515555,41.613301517343636,0.31804764970647387,54.71648016022908,0.7793926985437348,0.20682282887265976,19.922011352434716,0.3210321230193362,55.44724213446601,0.777920804693191,123
main20_B2-0_s1,main20,main20,val,zeros,B2-0,1,audio_visual,zeros,center,,172,,0,,,,,,,,,0,main20_B2-0_s1,0.14911940293515555,41.613301517343636,0.31804764970647387,54.71648016022908,0.7793926985437348,0.20682282887265976,19.922011352434716,0.3210321230193362,55.44724213446601,0.777920804693191,123
main20_B2_s1,main20,main20,val,real,B2,1,audio_visual,real,center,,158,,0,,,,,,,,,0,main20_B2_s1,0.1718564260738117,33.5024988346724,0.34022473188851465,59.610259587747855,0.8338610353624469,0.22169718750895093,18.476222344888576,0.3413029469330148,59.94656208524348,0.8319209881900841,123
main20_B2_s1,main20,main20,val,shuffle,B2,1,audio_visual,real,center,,158,,0,,,,,,,,,0,main20_B2_s1,0.15760668190068133,33.10420068878929,0.3381023047067985,59.618084330475526,0.8424559811853898,0.20463888595196045,18.812925189137026,0.3392990786546651,59.891555733932215,0.8422970391038841,123
main20_B2_s1,main20,main20,val,zeros,B2,1,audio_visual,real,center,,158,,0,,,,,,,,,0,main20_B2_s1,0.11419341726904281,46.13714331300687,0.43943303574010567,80.60826751788834,0.8186624591858508,0.15705878838977796,18.510065054617332,0.43945787641545947,80.43229661724197,0.8178730821719643,123
main20_B2_s1_S01,main20,main20,val,real,B2,1,audio_visual,real,center,,189,,0,,,1.0,,8911.0,27800.0,200.0,S01,"0,1",main20_B2_s1_S01,0.15828905939382149,54.4716605230437,0.34657002639462076,93.43745318600196,0.7366231742723489,0.24206732197205796,17.07125973867109,0.3460270369906199,93.34815521351175,0.7333988638421872,123
main20_B2_s1_S01,main20,main20,val,shuffle,B2,1,audio_visual,real,center,,189,,0,,,1.0,,8911.0,27800.0,200.0,S01,"0,1",main20_B2_s1_S01,0.12510962045864368,60.6301857740958,0.2635889439135929,51.14613058473098,0.6939443116803328,0.22073961876292889,22.03101421468698,0.26460660797416513,51.31936324167004,0.6909138730763367,123
main20_B2_s1_S01,main20,main20,val,zeros,B2,1,audio_visual,real,center,,189,,0,,,1.0,,8911.0,27800.0,200.0,S01,"0,1",main20_B2_s1_S01,0.08969714916410597,71.96719348679517,0.5070504512698484,101.26528118070861,0.8337324384088624,0.14988902127602446,18.45668325982074,0.507207073377613,101.32503465904288,0.8328089921072648,123
main20_B3_s1,main20,main20,val,real,B3,1,audio_visual,real,full,2.0,183,,0,,,,,,,,,0,main20_B3_s1,0.17851912444707174,30.274574786577602,0.2679518943749518,47.13661424103408,0.881238720336359,0.22344071192833131,19.08353231751605,0.2634940397066103,46.80359623457047,0.8810811233242077,123
main20_B3_s1,main20,main20,val,shuffle,B3,1,audio_visual,real,full,2.0,183,,0,,,,,,,,,0,main20_B3_s1,0.14836498468489065,36.20111513719825,0.2680311550490317,47.75164481667,0.844963124787213,0.20046728165130354,22.08483803481833,0.26700653731410867,47.608975705506865,0.8418038286904873,123
main20_B3_s1,main20,main20,val,zeros,B3,1,audio_visual,real,full,2.0,183,,0,,,,,,,,,0,main20_B3_s1,0.08244265103328435,46.47315381257167,0.2587670324319728,46.42798065031386,0.8897600821122579,0.11994613130117857,19.704328098130855,0.25854829336265084,46.4211867237554,0.8899391652068139,123
